{
  "version": 2,
  "name": "aura-ai-assistant",
  "buildCommand": "npm run build",
  "outputDirectory": "dist",
  "installCommand": "npm install",
  "framework": "vite",
  "regions": ["iad1"],
  "env": {
    "NEXT_PUBLIC_GEMINI_API_KEY": "@gemini-api-key",
    "NEXT_PUBLIC_STRIPE_PUBLISHABLE_KEY": "@stripe-publishable-key",
    "NEXT_PUBLIC_ENABLE_SUBSCRIPTIONS": "true",
    "NEXT_PUBLIC_ENABLE_ANALYTICS": "true",
    "NEXT_PUBLIC_APP_NAME": "Aura",
    "NEXT_PUBLIC_APP_VERSION": "1.0.0"
  },
  "build": {
    "env": {
      "NEXT_PUBLIC_GEMINI_API_KEY": "@gemini-api-key",
      "NEXT_PUBLIC_STRIPE_PUBLISHABLE_KEY": "@stripe-publishable-key"
    }
  },
  "functions": {
    "api/*.ts": {
      "maxDuration": 30
    }
  },
  "headers": [
    {
      "source": "/api/(.*)",
      "headers": [
        {
          "key": "Cache-Control",
          "value": "no-store, must-revalidate"
        }
      ]
    },
    {
      "source": "/(.*)",
      "headers": [
        {
          "key": "X-Content-Type-Options",
          "value": "nosniff"
        },
        {
          "key": "X-Frame-Options",
          "value": "DENY"
        },
        {
          "key": "X-XSS-Protection",
          "value": "1; mode=block"
        },
        {
          "key": "Referrer-Policy",
          "value": "strict-origin-when-cross-origin"
        }
      ]
    }
  ],
  "rewrites": [
    {
      "source": "/api/:path*",
      "destination": "/api/:path*"
    },
    {
      "source": "/(.*)",
      "destination": "/index.html"
    }
  ]
}